Year,TotalApplicants,TotalPosts,MeanRatio
2013,17206,6916,2.487854251
2014,16580,8192,2.023925781
2015,16308,8545,1.908484494
2016,15855,8343,1.900395541
